,Tickers,Days_to_Exp,Price @ DtE,CPSP,Actual Price @ Expiry,Expected %Change,Actual %Change,Expected - Actual,MarketCap,Beta,1W %Change,50 Day MA,MA to TP %,Sharpe Ratio,30day Vol,95% VaR,predicted Direction
0,AAL,0,12.9399995803833,14.093685477870054,12.949999809265137,8.91565637479394,0.0772815240040349,8.838374850789906,6.596036096000001,1.7541799999999999,-2.116400171272128,12.490200004577638,-3.550577694669411,-8.004598828153878,4.232225399805618,-13.98,Correct
1,AAL,1,13.005000114440918,14.06704277923144,12.949999809265137,8.166417958053037,-0.4229166066266175,8.589334564679655,6.613835776,1.7541799999999999,-0.7251928569650182,12.48730001449585,-3.9807773578579817,-7.9574952365905185,4.23991782492108,-13.98,False
2,AAL,2,13.050000190734865,14.173824222095922,12.949999809265137,8.611678275368458,-0.7662864368440838,9.377964712212542,6.636721152000001,1.7541799999999999,0.0,12.488600006103516,-4.301917060736336,-7.916577332905949,4.312528871718608,-14.01,False
3,AAL,3,13.630000114440918,13.857184975494947,12.949999809265137,1.6668001404734252,-4.988997061381711,6.655797201855136,6.9316864,1.7541799999999999,0.29433378516489794,12.493999996185302,-8.334556923825918,-7.821662882950116,4.408780349912844,-13.96,False
4,AAL,4,13.609999656677244,13.889962815533195,12.949999809265137,2.0570401610450992,-4.84937446040495,6.906414621450049,6.921515008,1.75418,2.484939234499686,12.468999996185305,-8.383539230525647,,4.403062754014251,-13.99,False
5,AAPL,0,111.79000091552734,141.95280950071626,112.0,26.98166950368043,0.18785140240882486,26.793818101271604,1918.5584046079998,1.284838,-14.764075188441408,108.7554995727539,-2.8968753814697275,22.897723998364,2.8899117058525103,-5.68,Correct
6,AAPL,1,113.48999786376952,143.86831170781318,112.0,26.767393088251712,-1.3128891460180239,28.080282234269735,1940.96267264,1.284838,-15.419582606480608,108.33604949951172,-4.541323871064375,24.337897379798502,2.8386792183155367,-5.66,False
7,AAPL,2,117.31999969482422,142.75758773594734,112.0,21.682226480814887,-4.534605956923575,26.21683243773846,2006.46524928,1.284838,-9.082450558812974,107.89024948120115,-8.037632320279544,26.317654367229885,2.8091595388479966,-5.64,False
8,AAPL,3,112.81999969482422,149.48052909108205,112.0,32.49470793779809,-0.7268212170202988,33.22152915481839,1929.503965184,1.284838,-9.604793612526713,107.35274948120116,-4.845993820609683,24.30978906149858,2.636938817494682,-5.62,False
9,AAPL,4,120.95999908447266,156.33619477690002,112.0,29.246193750152333,-7.407406706588533,36.65360045674087,2068.718419968,1.284838,-3.2397432065830185,106.86449951171878,-11.653025528638015,,2.63835302217114,-5.51,False
10,AMD,0,76.27230072021484,82.49497181610721,76.33999633789062,8.158494023562527,0.08875517984452189,8.069738843718005,89.63948544,2.277034,-15.384620588574546,73.74119987487794,-3.4042397009165186,23.936556350838064,4.2521599819837,-7.76,Correct
11,AMD,1,78.9800033569336,83.01376471207772,76.33999633789062,5.107319807159772,-3.342627129441879,8.449946936601652,92.72726323200001,2.277034,-14.31980571115384,73.2659999847412,-7.23474693508069,25.938941111897787,4.234955836671782,-7.72,False
12,AMD,2,81.91000366210938,82.8528661276101,76.33999633789062,1.1510956212261547,-6.800155140019084,7.951250761245238,96.16726425600001,2.277034,-9.810610066785344,72.73859992980957,-11.196927508553383,27.80903970027677,4.212514243757386,-7.7,False
13,AMD,3,78.69000244140625,84.81745064003096,76.33999633789062,7.786819174630595,-2.9864100020399347,10.77322917667053,92.386787328,2.277034,-8.018702940549584,72.10599983215332,-8.367012841504843,28.096305977785182,4.199458742724446,-7.67,False
14,AMD,4,82.01000213623047,86.45331373413103,76.33999633789062,5.418011806071627,-6.913797891287874,12.331809697359501,96.284663808,2.277034,-2.1360392008837708,71.53419975280762,-12.77381064570761,,4.20130224384402,-7.63,False
15,AMZN,0,3109.889892578125,3314.818758365453,3116.219970703125,6.589585897442829,0.20354669598132658,6.386039201461502,1561.24905472,1.323857,-11.758059330019961,3178.8678076171873,2.010379161389136,33.2712656318921,2.508458336094321,-4.44,Correct
16,AMZN,1,3175.110107421875,3343.3084682005683,3116.219970703125,5.2974024549739775,-1.8547431341386644,7.152145589112642,1590.3808552960002,1.323857,-9.259756707810752,3174.1174072265626,-0.03126506362698903,34.08169909210304,2.4915330828808337,-4.42,False
17,AMZN,2,3268.610107421875,3364.7638374370345,3116.219970703125,2.941731404330784,-4.66223048055579,7.603961884886574,1637.214060544,1.323857,-5.2840327207414814,3165.7916064453125,-3.1456336974268515,36.39888461979415,2.4488735308447622,-4.4,False
18,AMZN,3,3149.840087890625,3429.53939082174,3116.219970703125,8.879793739574358,-1.0673594928437975,9.947153232418156,1577.7233633279998,1.323857,-7.406665804014461,3154.027001953125,0.13292465476568968,32.746842740590445,2.3757452862906816,-4.4,False
19,AMZN,4,3294.6201171875,3482.9562664715804,3116.219970703125,5.71647542311665,-5.414892768780543,11.131368191897193,1650.242224128,1.323857,-3.0994083180147056,3144.8876025390623,-4.544758100252816,,2.347446551599946,-4.33,False
20,ATVI,0,78.04499816894531,81.51940515610626,77.97000122070312,4.451799690788435,-0.09609449676690407,4.547894187555339,60.182859776,0.678372,-6.566801591302508,81.31939956665039,4.295752588827599,18.015729563296407,2.062320464271638,-4.86,False
21,ATVI,1,79.08999633789062,81.49544363040211,77.97000122070312,3.0414052394627245,-1.4161021229570219,4.457507362419746,61.047353343999994,0.678372,-5.088210008395722,81.32059951782226,2.8203354194151,19.66734079773659,2.060877318067457,-4.84,False
22,ATVI,2,79.58999633789062,81.99177888717071,77.97000122070312,3.017694006522604,-2.0354255455798587,5.053119552102462,61.433290752,0.678372,-4.705460324634769,81.25679962158203,2.094237165956356,19.995057147099093,1.976941529453473,-4.85,False
23,ATVI,3,76.18000030517578,82.95428417469313,77.97000122070312,8.892470257783778,2.3496992758685096,6.542770981915268,58.80120934399999,0.678372,-8.448502411543354,81.17499969482422,6.556838237908321,18.439609945818415,1.9040781610485704,-4.82,Correct
24,ATVI,4,79.01000213623047,84.11886196973916,77.97000122070312,6.466092514084357,-1.3162902004915218,7.782382714575879,60.98561024,0.678372,-5.828366270220054,81.17939971923828,2.7457252554775198,,1.891088893966719,-4.78,False
25,BA,0,160.02999877929688,173.96611592547725,160.22999572753906,8.708440450218449,0.12497466085593768,8.583465789362512,90.362642432,1.373467,-8.370525795280793,172.81420043945312,7.907715907347747,-9.883384749656374,2.7104564562413462,-11.79,Correct
26,BA,1,157.69000244140625,174.31322191141697,160.22999572753906,10.54170791593938,1.6107509967707763,8.930956919168604,89.00796416,1.373467,-8.373040761800999,173.2176007080078,9.846913581202607,-9.915278178636244,2.8221725929423536,-11.79,Correct
27,BA,2,160.77999877929688,177.01381504775105,160.22999572753906,10.09691279494185,-0.34208424924346664,10.438997044185317,90.75211468799999,1.373467,-6.425333531786983,173.72980072021485,8.054361263364733,-9.749134766192704,3.3689401640856325,-11.81,False
28,BA,3,161.0800018310547,177.00105062686092,160.22999572753906,9.88393879738385,-0.5276918884115334,10.411630685795384,90.92145152,1.373467,-8.373151857323554,174.40400085449218,8.27166555250731,-9.661313367009488,3.2792177424315647,-11.78,False
29,BA,4,171.0500030517578,178.88540981181686,160.22999572753906,4.580769728304617,-6.325639948071054,10.90640967637567,96.549003264,1.373467,-1.8082628884432717,174.58260070800782,2.065242673618123,,3.2752196166131116,-11.73,False
30,BABA,0,271.0,280.9783979460823,271.6099853515625,3.6820656627609893,0.22508684559501843,3.4569788171659708,742.7977379839999,1.56243,-8.258186105374957,261.1629998779297,-3.8498620967673114,19.714343278042122,2.610243062628474,-4.48,Correct
31,BABA,1,267.54998779296875,280.89761756245827,271.6099853515625,4.988835873099708,1.517472526194018,3.47136334690569,719.960932352,1.56243,-10.218124901688338,260.04959991455075,-2.8033594545411926,19.68215690895085,2.5854753471302523,-4.48,Correct
32,BABA,2,273.14999389648443,281.80720549871864,271.6099853515625,3.1693984241914475,-0.5637959287326758,3.7331943529241234,761.640517632,1.56243,-4.835733178358515,259.01260009765633,-5.175688857670539,20.98132488061806,2.585673818789154,-4.47,False
33,BABA,3,270.01998901367193,286.229543645822,271.6099853515625,6.003094323261127,0.588843938442669,5.414250384818458,734.2896578560001,1.56243,-6.567477849940528,257.8500003051758,-4.507069551758213,18.844788222584377,2.546573445915694,-4.49,Correct
34,BABA,4,281.3900146484375,283.43958123689845,271.6099853515625,0.7283721815863408,-3.475613485821078,4.2039856674074185,765.20914944,1.56243,-0.9782871689253168,256.7638006591797,-8.75163037324734,,2.564153254877096,-4.43,False
35,BYND,0,134.67999267578122,139.23946777366862,134.8800048828125,3.3854138297018976,0.14850922030622113,3.2369046093956766,8.41605376,,3.993838131420648,130.70940032958984,-3.092085114354939,12.279362212532543,2.9999242339766976,-10.48,Correct
36,BYND,1,143.0399932861328,139.50197374257,134.8800048828125,-2.4734477835758,-5.704690147039732,3.231242363463932,8.925209599999999,,5.767515140601658,130.84460021972657,-8.525862443247567,14.33440656720063,2.972323585840831,-10.41,Correct
37,BYND,2,138.16999816894528,135.27408192476594,134.8800048828125,-2.095908143994045,-2.3811198738744968,0.28521172988045196,8.621337599999999,,1.7077600008805955,130.66340026855468,-5.432871100723363,13.193743026540258,3.1428915898301804,-10.45,Correct
38,BYND,3,134.47000122070312,136.55651562761022,134.8800048828125,1.551657907314615,0.3049034419479506,1.2467544653666645,8.390470656,,2.63318335806782,130.53100036621095,-2.9292785147128613,13.232545577903336,3.0134269727279563,-10.42,Correct
39,BYND,4,125.81999969482422,139.0161575244791,134.8800048828125,10.488124194613015,7.200767135561341,3.287357059051674,7.850740224,,-4.790007184274684,130.6752001953125,3.8588463775747455,,3.03545387555078,-10.41,Correct
40,C,0,51.00500106811523,52.77706685458697,51.0,3.4742981067782277,-0.00980505442701302,3.484103161205241,0.0,0.0,-1.8094368192518624,51.32960006713867,0.6265472576393949,-7.1232393137809575,2.0437906029886816,-8.96,False
41,C,1,50.95000076293945,52.02721155620884,51.0,2.1142507892815185,0.09813392799184381,2.016116861289675,0.0,0.0,-0.4882812427240425,51.31640007019043,0.7191350378104313,-7.0252781188082425,2.0524660166013504,-8.96,Correct
42,C,2,51.4000015258789,51.67238325210519,51.0,0.5299255216736788,-0.778213062265195,1.3081385839388737,0.0,0.0,0.5477359151889503,51.31940002441407,-0.1568122550040385,-6.873388289389317,2.059711510257304,-8.98,False
43,C,3,51.040000915527344,52.5444007911811,51.0,2.9474918665138308,-0.07837169829512035,3.025863564808951,0.0,0.0,-2.3718398866156365,51.29720001220703,0.5039167164306216,-7.253411503113501,2.2066141865953823,-8.97,False
44,C,4,52.52000045776367,52.529308243433654,51.0,0.01772236403057044,-2.8941364137764025,2.911858777806973,I E,I E,1.5467888982576303,51.26800003051758,-2.383854562706921,,2.247272495077484,-8.95,False
45,CCL,0,17.65999984741211,17.922977131463867,17.690000534057617,1.4891126065909568,0.16987931429628014,1.3192332922946766,0.0,0.0,5.804914864444691,15.477199935913086,-12.459277891628938,-8.12473142912906,4.805141790710451,-15.11,Correct
46,CCL,1,17.8799991607666,17.825033568905674,17.690000534057617,-0.30741383915462606,-1.0626321903073188,0.7552183511526928,0.0,0.0,8.297994626845325,15.450799942016602,-13.586126022199705,-8.016708311495547,4.812429524285463,-15.1,Correct
47,CCL,2,17.65999984741211,17.0334932503495,17.690000534057617,-3.5476025055255946,0.16987931429628014,-3.7174818198218746,0.0,0.0,7.160196225440282,15.421599960327148,-12.674971157561906,-8.064855060213928,4.857240841595701,-15.15,False
48,CCL,3,18.290000915527344,17.72298033649291,17.690000534057617,-3.100167034726939,-3.280483058698781,0.1803160239718422,0.0,0.0,6.275432240023157,15.403999977111814,-15.779118611008105,-7.902875740210685,4.857767592790679,-15.09,Correct
49,CCL,4,18.530000686645508,17.128810401016512,17.690000534057617,-7.561738983845951,-4.5331900780407155,-3.028548905805235,I E,I E,14.950370483521136,15.353799953460696,-17.14085599291903,,4.804940602568808,-15.08,Correct
50,DAL,0,31.78700065612793,31.33923892941873,31.700000762939453,-1.4086315709779915,-0.2736964526148353,-1.1349351183631562,20.184143872,1.319397,1.766220793800051,28.182600059509284,-11.06784605692542,-8.506683034929221,3.0664919129149983,-10.59,Correct
51,DAL,1,31.790000915527344,31.42341583168441,31.700000762939453,-1.15314587381431,-0.28310836739841494,-0.8700375064158952,20.225499136,1.319397,3.5167758490776038,28.102800064086914,-11.598618261251678,-8.4171420894198,3.0822196216434263,-10.59,Correct
52,DAL,2,31.76000022888184,30.92347742294356,31.700000762939453,-2.6338879090358596,-0.1889151936712651,-2.4449727153645946,20.206411776,1.319397,2.9497563570816268,28.02800003051758,-11.75063026281234,-8.40819245034946,3.1644089060432465,-10.61,Correct
53,DAL,3,32.540000915527344,31.016538974350162,31.700000762939453,-4.681812840546727,-2.581438626165071,-2.1003742143816564,20.702664704,1.319397,1.7192908669719418,27.965000038146968,-14.059621231286707,-8.296142754129642,3.210908648895894,-10.58,Correct
54,DAL,4,31.770000457763672,30.81844714223197,31.700000762939453,-2.9951315763962123,-0.22033268434251108,-2.7747988920537012,20.212772864,1.319397,3.0824165228625624,27.852400016784674,-12.331131207212989,,3.2186896997144707,-10.58,Correct
55,DIS,0,131.67999267578122,133.97161167012078,131.75,1.7402939867880445,0.053164738846203076,1.6871292479418414,238.13436211200002,1.081939,-2.636821095740872,124.71059982299805,-5.39326893203299,-2.9954819512865964,1.7100071419520055,-6.05,Correct
56,DIS,1,133.22000122070312,133.66873566572212,131.75,0.33683714225132705,-1.1034388284292242,1.4402759706805512,240.736534528,1.081939,-0.2470998304109316,124.33439971923828,-6.669870454920829,-3.1893189620184965,1.7095499788883568,-6.05,False
57,DIS,2,133.36000061035156,133.70716891146114,131.75,0.26032415980855106,-1.2072590004371913,1.4675831602457423,240.98951987200002,1.081939,1.129904867168574,123.90019973754885,-7.093431935743745,-3.1526480872037514,1.7228576526236945,-6.07,False
58,DIS,3,134.19999694824222,132.73587359870285,131.75,-1.0910010304277737,-1.825631150488865,0.7346301200610912,242.50744832,1.081939,-0.988635387535998,123.46339965820313,-8.000445256477848,-1.0916590519905531,1.7479370094133304,-6.11,Correct
59,DIS,4,131.99000549316406,133.4097976206331,131.75,1.0756815428290667,-0.18183611120199,1.2575176540310566,238.51384832,1.081939,-1.3011218798810469,122.9613996887207,-6.840370807402506,,1.7438876130135992,-6.11,False
60,F,0,6.985000133514403,7.145017231658263,7.0,2.2908675030096197,0.2147439684879379,2.076123534521682,0.0,0.0,0.7194272245620404,6.766400022506714,-3.3371425356183746,-5.927874098567457,2.095422102263129,-7.46,Correct
61,F,1,6.9099998474121085,7.1406813284323025,7.0,3.338371723793706,1.3024624395845368,2.0359092842091693,0.0,0.0,1.1713019707128431,6.7460000228881825,-2.3733694377047807,-5.820017820268418,2.0932070274687646,-7.46,Correct
62,F,2,6.96999979019165,7.137269699288588,7.0,2.399855296011968,0.43041909198572165,1.9694362040262463,0.0,0.0,2.199407840978587,6.729400024414063,-3.4519336157823886,-5.624777239490725,2.0957170820747337,-7.48,Correct
63,F,3,7.03000020980835,7.086573897932969,7.0,0.8047466064892481,-0.42674550374113673,1.2314921102303849,0.0,0.0,1.2968321591619207,6.710200033187866,-4.549077767797133,-6.044593125496747,2.109896166632074,-7.47,False
64,F,4,6.9000000953674325,7.082141141880701,7.0,2.6397252753018874,1.44927396015119,1.1904513151506975,I E,I E,-0.14471421513016067,6.687800025939941,-3.0753632825303714,,2.1115043302164365,-7.48,Correct
65,FB,0,266.64999389648443,282.5296916477156,266.6099853515625,5.95525899670404,-0.015004142448045007,5.970263139152085,761.2047032319999,1.255852,-11.864467652376034,258.41960083007814,-3.0720471743337727,12.580447346849,2.5206546782111494,-5.6,False
66,FB,1,268.08999633789057,285.5587801400728,266.6099853515625,6.516014786379891,-0.5520575204390387,7.06807230681893,763.74016,1.255852,-9.257380814211126,257.83840118408204,-3.8239379662969046,13.31795568344573,2.521320695899786,-5.6,False
67,FB,2,273.72000122070307,285.6448659545062,266.6099853515625,4.35659238660751,-2.597550722428828,6.9541431090363375,779.778981888,1.255852,-6.643932529093179,257.01800140380857,-6.101855817042602,14.30700167428726,2.5312943912504995,-5.59,False
68,FB,3,271.16000366210943,289.42659651165246,266.6099853515625,6.73646282742528,-1.6779828326808393,8.41444566010612,772.486004736,1.255852,-7.661921855006485,255.9564013671875,-5.606874940843772,13.554736007679526,2.7907323957613825,-5.59,False
69,FB,4,282.7300109863281,287.2500805682592,266.6099853515625,1.5987229534503302,-5.701561563461028,7.300284516911358,805.446877184,1.255852,-3.577515241356033,254.8548013305664,-9.859303424675943,,2.750342148378812,-5.53,False
70,GE,0,5.9650001525878915,6.783759706338879,5.949999809265137,13.726060902039904,-0.25147263938035197,13.977533541420257,52.03831193600001,0.9247489999999999,-7.531057906911466,6.566500024795532,10.268683609132854,-11.935227040536189,2.52361901122761,-8.36,False
71,GE,1,6.0,6.858045769331022,5.949999809265137,14.300762822183696,-0.8333365122477213,15.134099334431417,52.519739392,0.9247489999999999,-3.069467778095241,6.582200021743773,9.70333369572957,-11.571149240093847,2.5020729068145315,-8.35,False
72,GE,2,6.1599998474121085,6.867727198330628,5.949999809265137,11.489080656647163,-3.409091612805727,14.898172269452889,53.920268288,0.9247489999999999,-2.8391214644105,6.5988000202178965,7.123379605116898,-11.206344828028104,2.5967649162080706,-8.36,False
73,GE,3,6.139999866485597,6.852911554732206,5.949999809265137,11.610939800470458,-3.094463539935088,14.705403340405546,53.745201152,0.9247489999999999,-7.1104426253455895,6.611600027084352,7.680784541591351,-11.428288285209955,2.5535807230919443,-8.34,False
74,GE,4,6.420000076293945,6.502635661639442,5.949999809265137,1.28715863494505,-7.320876346470766,8.608034981415816,56.196124672,0.924749,-0.9259250401687472,6.618400030136107,3.0903419234333183,,2.564585330704665,-8.3,False
75,GOOG,0,1520.9300537109375,1607.5466141495176,1520.719970703125,5.6949732979004,-0.013812798774007765,5.708786096674408,1033.635299328,1.07525,-12.00963125623761,1541.7873901367188,1.3853582407978138,5.562989784443372,1.8645365660612627,-4.85,False
76,GOOG,1,1532.02001953125,1613.7905823401345,1520.719970703125,5.337434352450807,-0.7375914599068006,6.075025812357608,1038.7065405439998,1.07525,-7.749091920518273,1540.1337915039062,0.5296126597052403,6.726410038284392,1.8539299251663488,-4.84,False
77,GOOG,2,1556.9599609375,1624.7200084690255,1520.719970703125,4.352073863911364,-2.3276122150600225,6.679686078971386,1055.892897792,1.07525,-4.725311179639243,1537.7655908203126,-1.2328107721941557,7.482862883720541,1.8727297426921676,-4.84,False
78,GOOG,3,1532.3900146484375,1637.3780993676266,1520.719970703125,6.8512639547103555,-0.7615583391797194,7.6128222938900745,1038.99561984,1.07525,-6.8121707605081046,1534.525791015625,0.1393755079823729,7.208458409177656,1.9893548436272768,-4.83,False
79,GOOG,4,1591.0400390625,1647.5919163585363,1520.719970703125,3.554396866678401,-4.419754791388543,7.974151658066944,1078.761684992,1.07525,-2.6487868518723365,1531.0759912109374,-3.768858506345045,,1.92979443534896,-4.78,False
80,GS,0,201.0749969482422,205.9043446377214,200.9199981689453,2.401764397749722,-0.0770850586345017,2.4788494563842236,69.107662848,1.422519,-4.375351112346434,205.50180053710938,2.3160539169693983,-2.5849448866473925,1.7768799585249218,-6.94,False
81,GS,1,200.00999450683597,206.73858918940445,200.9199981689453,3.36412922722145,0.45497909459631747,2.9091501326251326,68.818640896,1.422519,-2.652590299299065,205.43620056152344,2.7129674534849517,-2.598924185780683,1.793620570768583,-6.94,Correct
82,GS,2,202.22000122070312,207.00796738652082,200.9199981689453,2.367701580909448,-0.6428657125459059,3.010567293455354,69.579046912,1.422519,-1.2935002487643708,205.38840057373048,1.5668080970731273,-2.3062923105332587,1.8186360918556923,-6.95,False
83,GS,3,202.47999572753903,209.7742095681572,200.9199981689453,3.6024367811788203,-0.7704452743533658,4.372882055532186,69.668503552,1.422519,-2.5179388653781976,205.21340057373047,1.3499629118273622,-2.3952046937005336,2.189628612790349,-6.93,False
84,GS,4,210.94000244140625,207.53831733655156,200.9199981689453,-1.6126315850402029,-4.750167894420234,3.1375363093800313,72.579391488,1.422519,0.3759260375287078,204.94760070800785,-2.8408086015183205,,2.2648750598152514,-6.89,Correct
85,INTC,0,49.2599983215332,51.11679707140981,49.279998779296875,3.769384517142667,0.040601823883800264,3.7287826932588666,209.69416294400003,0.712374,-5.684212862589713,52.32600006103516,6.181009247544759,-4.307246074368311,3.0767498713004486,-7.05,Correct
86,INTC,1,48.959999084472656,51.096528113933665,49.279998779296875,4.363825713670398,0.653594160147165,3.710231553523233,208.22687744,0.712374,-3.6030750109619034,52.516600112915036,7.264299622036415,-4.40404733182915,3.103765744342926,-7.05,Correct
87,INTC,2,49.61999893188477,51.23597048466267,49.279998779296875,3.256694049905572,-0.6852078998522927,3.941901949757865,211.033849856,0.712374,-2.6104059099879704,52.73400016784668,6.275697910103991,-4.073073797727049,3.102511800866334,-7.06,False
88,INTC,3,48.90999984741211,51.266065999212906,49.279998779296875,4.817146103355506,0.7564893335495333,4.060656769805973,208.014229504,0.712374,-3.0140798107583384,52.90700019836426,8.172153677002383,-4.5946171390103405,3.0953390551933246,-7.05,Correct
89,INTC,4,50.08000183105469,51.49020559717378,49.279998779296875,2.8159019859392647,-1.5974501248155495,4.413352110754814,212.990246912,0.712374,1.3765187938699823,53.07880020141602,5.988015696320858,,3.0964359082692363,-7.04,False
90,JPM,0,101.11000061035156,101.73410336119896,101.06999969482422,0.6172512581149208,-0.03956177953306084,0.6568130376479816,0.0,0.0,-0.5705871346268754,98.74060043334958,-2.3047385658534774,-6.2565650278268246,1.79346369207069,-7.14,False
91,JPM,1,99.83000183105469,101.54986002625137,101.06999969482422,1.722786901383861,1.2421094270518165,0.48067747433204455,0.0,0.0,-0.30956417064427777,98.58440048217771,-1.247722454202624,-6.3727158980227125,1.7914324326585245,-7.14,Correct
92,JPM,2,100.87000274658205,101.6126967215988,101.06999969482422,0.7362882470446995,0.19827197660005036,0.5380162704446492,0.0,0.0,0.678710738203109,98.46900039672852,-2.380293729034196,-6.132473913880327,1.788291987315594,-7.15,Correct
93,JPM,3,99.91999816894531,102.32532346882827,101.06999969482422,2.407251144876947,1.1509222847807472,1.2563288600961997,0.0,0.0,-2.7731814412911877,98.31160034179688,-1.609685605106746,-6.451840610957924,1.9052089758658033,-7.14,Correct
94,JPM,4,103.5199966430664,101.35204805086529,101.06999969482422,-2.094231706436516,-2.3666895553423344,0.27245784890581826,I E,I E,1.143134525049498,98.16500030517578,-5.172910076837115,,1.9402850362142463,-7.11,Correct
95,MGM,0,22.60000038146973,22.674233888119808,22.729999542236328,0.32846683804016075,0.5752175158067138,-0.24675067776655302,11.207344127999999,2.397993,-4.2158517240638975,19.281599903106688,-15.133800678535945,-4.313724851533089,3.7144456322198085,-12.61,Correct
96,MGM,1,22.84000015258789,22.719423497011174,22.729999542236328,-0.5279188037266904,-0.4816138774810772,-0.04630492624561322,11.266537472000001,2.397993,0.3074207001183947,19.162599925994872,-16.100701409918116,-4.2242748984153256,3.7074090515384825,-12.61,Correct
97,MGM,2,23.11000061035156,21.84409974284695,22.729999542236328,-5.477718883908551,-1.6443144010347566,-3.8334044828737945,11.399724032,2.397993,1.493193437648632,18.70579992294311,-19.05755331497349,-4.068735449186359,3.74390524828499,-12.66,Correct
98,MGM,3,23.170000076293945,22.173683771686026,22.729999542236328,-4.300027196060678,-1.8990096357737927,-2.4010175602868853,11.429320704,2.397993,-2.8918714015382854,18.915999889373783,-18.35994895516891,-4.016156850738889,3.9132353794450534,-12.6,Correct
99,MGM,4,23.520000457763672,22.214189735830253,22.729999542236328,-5.551916226695423,-3.3588473645908197,-2.193068862104603,11.601969152,2.397993,3.1126743026951478,18.76699989318848,-20.20833534042848,,3.918452241105213,-12.6,Correct
100,MRNA,0,59.26499938964844,63.32897192844818,59.34000015258789,6.857289429938951,0.1265515290843877,6.730737900854563,23.414792191999997,,-8.312733261188875,70.23789993286132,18.365183269717537,32.38789814215574,5.391474751166302,-11.99,Correct
101,MRNA,1,57.56000137329102,63.704929692251284,59.34000015258789,10.675691751827562,3.0924231008146266,7.583268651012936,22.712428544,,-9.096649319794652,70.28289993286133,22.103714829781065,33.52825021182369,5.4125598928457235,-11.99,Correct
102,MRNA,2,56.9000015258789,64.24400223404925,59.34000015258789,12.906855028519104,4.28822242754993,8.618632600969175,22.452000768,,-12.313142146591135,70.41589988708495,23.753775041743783,32.88220387731238,5.373151991324071,-12.03,Correct
103,MRNA,3,54.34000015258789,67.91799729101092,59.34000015258789,24.98711280878859,9.201324964961156,15.785787843827435,21.441857536,,-19.48436527991197,70.51949989318848,29.77456697675415,31.706141215560585,4.931710641332192,-12.0,Correct
104,MRNA,4,62.599998474121094,69.03043537197385,59.34000015258789,10.272263665487321,-5.207665177309693,15.479928842797014,24.701145088,,-7.981773339129116,70.65829986572265,12.872686242848506,,4.948142767811503,-11.78,False
105,MSFT,0,203.69000244140625,218.51865861189145,204.02999877929688,7.280011779051765,0.16691852020986098,7.1130932588419045,1547.3573888,0.893534,-11.923158145874948,211.32619995117187,3.5760433345723035,12.360976739744425,2.288030014370273,-5.61,Correct
106,MSFT,1,205.3699951171875,218.75161386866608,204.02999877929688,6.515858727971831,-0.6524791204898267,7.168337848461658,1554.168152064,0.893534,-9.636119480606325,211.33959991455083,2.9067560691896204,13.273601512562303,2.27639527965732,-5.6,False
107,MSFT,2,211.2899932861328,218.49358757054446,204.02999877929688,3.409340012925463,-3.436033289567253,6.845373302492716,1598.968692736,0.893534,-6.314018343563819,211.30239990234372,0.005871842777777634,14.651439534425284,2.2075365412519257,-5.59,False
108,MSFT,3,202.66000366210938,223.03906365182468,204.02999877929688,10.055787832557659,0.6760066576687046,9.379781174888954,1533.659971584,0.893534,-11.467388746691576,211.0454000854492,4.137667162643809,13.054833695694134,2.068670129742613,-5.56,Correct
109,MSFT,4,214.25,224.544045223579,204.02999877929688,4.804688552428934,-4.770128924482205,9.57481747691114,1621.369028608,0.893534,-5.441787329602165,210.91880004882813,-1.5548191137324938,,2.0626562462056075,-5.48,False
110,NFLX,0,481.0,525.4273042211488,482.0299987792969,9.23644578402262,0.21413696035278065,9.02230882366984,223.57321318400002,0.969899,-12.808411952176545,501.6300012207032,4.066137479211199,21.779102818741368,3.1095123679471164,-5.52,Correct
111,NFLX,1,480.6700134277344,528.3538304437353,482.0299987792969,9.920281208299235,0.2829353430775155,9.63734586522172,222.905434112,0.969899,-13.63399084171052,501.70220153808594,4.375598128197698,22.650241018540267,3.0601322375662816,-5.52,Correct
112,NFLX,2,500.1900024414063,530.0874631855977,482.0299987792969,5.977220775757841,-3.6306210786843436,9.607841854442185,231.95761049599997,0.969899,-5.546112858333455,501.18960144042967,0.1998438581627819,25.035481135205075,3.0534137420132454,-5.48,False
113,NFLX,3,507.0199890136719,531.793990814384,482.0299987792969,4.886198244157204,-4.928797833590175,9.814996077747379,235.12494899200001,0.969899,-3.2201464359053404,500.1306011962889,-1.3588000407607337,25.325514825201115,3.132076942357992,-5.49,False
114,NFLX,4,516.0499877929689,540.3012179605787,482.0299987792969,4.699395551064144,-6.592382485884346,11.29177803694849,239.312502784,0.969899,-1.9419749100251344,498.8582012939453,-3.33141883648693,,3.1258072835852904,-5.48,False
115,NVDA,0,485.7300109863281,520.1586073412394,486.5799865722656,7.088010947686812,0.17498930819850544,6.913021639488306,331.213570048,1.525641,-15.20928466999258,455.8719989013672,-6.310984528406568,36.351374606103576,3.0048715554819703,-7.1,Correct
116,NVDA,1,492.4700012207031,520.3813009264322,486.5799865722656,5.667614197117462,-1.1960149113322047,6.863629108449667,334.926872576,1.525641,-10.919980953287306,453.7643994140625,-7.85948417379732,35.37180264372149,2.9782785374904277,-7.12,False
117,NVDA,2,508.6000061035156,522.3557428262487,486.5799865722656,2.704627714835967,-4.329535837002773,7.0341635518387395,345.896845312,1.525641,-4.931020847195106,451.5131994628906,-11.224303176474226,37.384508813282665,2.8622103659011686,-7.1,False
118,NVDA,3,476.5199890136719,528.8864420512168,486.5799865722656,10.989350760696524,2.111138628080745,8.87821213261578,324.079353856,1.525641,-9.391338185801231,448.7011993408203,-5.837906134941466,33.716792148519765,2.7737975014993013,-7.07,Correct
119,NVDA,4,504.8999938964844,539.1734753127549,486.5799865722656,6.78817227779515,-3.6284427699903588,10.416615047785509,343.38045952,1.525641,-0.04553500764253479,446.4947998046875,-11.56767573734042,,2.739240926851448,-6.99,False
120,PENN,0,59.0974006652832,58.712951334224826,59.189998626708984,-0.6505350941504643,0.15668702918126476,-0.807222123331729,8.69169664,2.83612,2.8854508650006925,44.00559986114502,-25.65365622210393,19.496841632940537,5.340700421415538,-16.51,False
121,PENN,1,62.459999084472656,56.69566832258994,59.189998626708984,-9.228835809118209,-5.235351434029372,-3.993484375088837,9.17187584,2.83612,7.8197803477175905,43.45999988555909,-30.419467623138193,21.582706360374647,5.282002682047971,-16.45,Correct
122,PENN,2,58.1500015258789,56.67282310537797,59.189998626708984,-2.5402895644697927,1.788473041341621,-4.328762605811414,8.538978816,2.83612,13.796483879208314,42.821599922180184,-26.360105247593197,19.275690796412608,5.28587578291214,-16.5,False
123,PENN,3,55.31000137329102,55.526934705225926,59.189998626708984,0.39221357177485056,7.015001187997795,-6.622787616222944,8.121942016,2.83612,2.959791728327663,42.25419990539551,-23.60477516494893,17.225114622696534,5.320746746875993,-16.49,Correct
124,PENN,4,54.1500015258789,54.947695839714285,59.189998626708984,1.4731196516294813,9.307473608142768,-7.8343539565132865,7.951602688,2.83612,-1.7954259606963032,41.760999870300296,-22.87904211721539,,5.3927476929348,-16.51,Correct
125,QQQ,0,270.19000244140625,282.42158047352865,270.45001220703125,4.52702835841417,0.09623219337339695,4.430796165040773,0.0,0.0,-10.671818112175984,271.37780029296874,0.34305344576108404,14.158589065441149,1.6862450790636665,-4.51,Correct
126,QQQ,1,272.33999633789057,283.41871675618574,270.45001220703125,4.0679740645035025,-0.6939796417249071,4.761953706228409,0.0,0.0,-9.19579082924026,270.9786001586914,-0.4998884473473211,14.978743882774081,1.673170609041568,-4.5,False
127,QQQ,2,277.8800048828125,283.5546136911936,270.45001220703125,2.0421076395094313,-2.6738133529667327,4.715920992476164,0.0,0.0,-5.765056876866209,270.4838003540039,-2.6616540948772918,16.146564217769868,1.6353252084729666,-4.49,False
128,QQQ,3,269.95001220703125,286.68285962197035,270.45001220703125,6.198498484269848,0.18521947671428066,6.0132790075555675,0.0,0.0,-7.718861883051317,269.78300018310546,-0.06186775935305645,14.517197871520851,1.4989797651631365,-4.48,Correct
129,QQQ,4,283.5799865722656,288.3408904684091,270.45001220703125,1.6788575081373869,-4.630077927550935,6.308935435688322,T E,T E,-2.5665698450455623,269.1883999633789,-5.074965544234292,,1.4832997993180848,-4.4,False
130,SBUX,0,85.28500366210938,85.44977522733863,85.2699966430664,0.19320110002230564,-0.0175963163493843,0.21079741637168994,99.75064985600001,0.808249,-3.4861368242772093,78.42960021972657,-8.022043734765475,0.3538821752815868,1.6232734425972843,-6.06,False
131,SBUX,1,84.87999725341797,85.61109256485703,85.2699966430664,0.8613281516212854,0.45947149183341063,0.40185665978787477,99.224715264,0.808249,-1.3596812979031534,78.20480026245117,-7.86427569152401,0.133617858474862,1.6103089916260953,-6.06,Correct
132,SBUX,2,85.86000061035156,85.31042142810655,85.2699966430664,-0.6400875592106069,-0.687169768333339,0.04708220912273209,100.370333696,0.808249,1.6455538884350769,77.97900024414062,-9.178896238280231,0.5104075067864646,1.6426721046411796,-6.07,Correct
133,SBUX,3,85.41000366210938,85.37258013452745,85.2699966430664,-0.04381632827223958,-0.16392344343743467,0.1201071151651951,99.84429260799999,0.808249,0.4823572495404412,77.73140029907226,-8.990285720410977,0.7593485624988585,1.7067686171542311,-6.05,Correct
134,SBUX,4,86.2699966430664,84.50609361137184,85.2699966430664,-2.0446309265462737,-1.1591515462060364,-0.8854793803402372,100.84962304,0.808249,3.4288368965223284,77.45460021972656,-10.218380394533547,,1.7049953449529307,-6.04,Correct
135,SHOP,0,913.5,1022.0159557139419,914.5,11.879141293261295,0.10946907498631638,11.769672218274978,110.44696064,1.3656629999999998,-14.83356149312493,1008.1213989257812,10.15432819813007,45.3172674285746,3.647901524341127,-7.9,Correct
136,SHOP,1,934.1699829101562,1014.2224653119014,914.5,8.569370014690803,-2.105610677928196,10.674980692618998,111.679086592,1.3656629999999998,-17.64493025391104,1010.150399169922,8.133467960838244,46.76985134592681,3.6641020500435095,-7.88,False
137,SHOP,2,949.3099975585938,1018.7653778796276,914.5,7.316406705887128,-3.666873586933355,10.983280292820483,115.32312576,1.3656629999999998,-10.981605892689347,1010.4509997558594,6.440572874456833,47.82300879212031,3.6372636000983687,-7.88,False
138,SHOP,3,917.4000244140624,1032.7757003207146,914.5,12.576375935932846,-0.3161134005762223,12.892489336509069,109.511876608,1.3656629999999998,-11.96284543790259,1009.9131994628906,10.084278677441247,47.10528142567667,3.5338839862664977,-7.87,False
139,SHOP,4,973.02001953125,1063.6605196635633,914.5,9.315378749964374,-6.014266752645221,15.329645502609594,116.151345152,1.365663,-7.639295725557664,1009.7651989746092,3.7764052851719594,,3.4862151981497598,-7.79,False
140,SNAP,0,24.36000061035156,23.141174370216604,24.190000534057617,-5.003391665010986,-0.6978656487459273,-4.305526016265059,35.540430848,1.636488,2.7624292374083184,22.836000175476073,-5.5583131213278865,16.015454876371894,2.782754049904564,-8.78,Correct
141,SNAP,1,23.309999465942386,23.25477665994464,24.190000534057617,-0.23690608006418823,3.7752084439168554,-4.012114523981044,34.24751616,1.636488,4.016062582143234,22.82680015563965,-2.0729271616188716,13.556864040272725,2.786084852420452,-8.82,False
142,SNAP,2,23.649999618530273,23.04842745499923,24.190000534057617,-2.5436455527876523,2.283302005232345,-4.826947558019997,34.747052032,1.636488,4.692339348306511,22.830400161743164,-3.4655368710658925,14.043146645235893,2.724212685429215,-8.83,False
143,SNAP,3,22.690000534057614,22.48199080560373,24.190000534057617,-0.916746247500799,6.61084162491979,-7.52758787242059,33.336602624,1.636488,1.7032769036831663,22.81920017242432,0.5694122314927739,12.614018765431018,2.8490711289493102,-8.81,False
144,SNAP,4,22.440000534057614,23.48873212148231,24.190000534057617,4.673491811343844,7.798573789443522,-3.1250819780996784,32.969295872,1.636488,3.2198747484322063,22.82680015563965,1.7237059375064576,,2.858285509505028,-8.82,Correct
145,SNE,0,76.98999786376953,79.58117846177214,77.0199966430664,3.3656067929597695,0.03896451503993615,3.3266422779198335,95.128223744,1.118674,-3.0821449416076323,77.96080017089844,1.1952222798916237,11.033187171508558,1.6490976958633283,-4.21,Correct
146,SNE,1,76.5,79.65756243756243,77.0199966430664,4.127532598120828,0.6797341739430147,3.4477984241778135,91.921637376,1.118674,-3.7735849056603774,77.82780014038086,1.7356864580141944,10.823864441090826,1.636251590941734,-4.22,Correct
147,SNE,2,77.4800033569336,80.16213109588881,77.0199966430664,3.4617031785598087,-0.5937102399802904,4.055413418540099,96.44013977600001,1.118674,-1.4750712636291508,77.68040008544922,0.2586431593096912,11.533563302212396,1.633923890574012,-4.22,False
148,SNE,3,76.01000213623047,81.07725709716117,77.0199966430664,6.666563371290013,1.3287652656893159,5.337798105600697,93.38740736,1.118674,-4.257459729693212,77.50520004272461,1.9671067813079948,10.2252044228256,1.626325327165991,-4.21,Correct
149,SNE,4,77.66000366210938,80.66157564905998,77.0199966430664,3.865016540573623,-0.8241140727053953,4.689130613279018,95.414632448,1.118674,-3.431975341553448,77.37860000610351,-0.3623533900799465,,1.6267561037178084,-4.19,False
150,SPY,0,333.94000244140625,330.70137613525003,334.05999755859375,-0.969822807234505,0.035933136584484084,-1.0057559438189891,0.0,0.0,-6.600507426171267,331.6460009765625,-0.7315380251183343,3.0916429920277526,1.038395655673727,-4.45,False
151,SPY,1,333.8900146484375,330.35308295601436,334.05999755859375,-1.0593104127858621,0.050909851357858055,-1.1102202641437202,0.0,0.0,-5.306293570960769,331.17460083007813,-0.8132659556226933,3.4031340596752053,1.0121329031563615,-4.45,False
152,SPY,2,339.7900085449219,332.06854761357056,334.05999755859375,-2.272421418280315,-1.6863388687812433,-0.5860825494990716,0.0,0.0,-2.7253697518562947,330.66400024414065,-2.6857788843943364,4.240792176413647,0.997432824150586,-4.45,Correct
153,SPY,3,333.2099914550781,332.41706457555233,334.05999755859375,-0.23796611742138976,0.25509622319660213,-0.4930623406179919,0.0,0.0,-4.954645382647076,329.95739990234375,-0.9761386621483924,3.3994796645456766,0.9754167106091036,-4.44,False
154,SPY,4,342.57000732421875,331.47954831711905,334.05999755859375,-3.237428487603512,-2.4841666181157724,-0.7532618694877398,T E,T E,-1.6535984469002618,329.2941998291016,-3.875356047312269,,0.9709839015766067,-4.4,Correct
155,SQ,0,137.10499572753906,153.17932551224197,137.4499969482422,11.724102173961997,0.251632859089049,11.472469314872948,60.9856512,2.718238,-15.582026106318386,138.5106007385254,0.7349823552911982,24.271366129927703,3.7797630459139424,-8.78,Correct
156,SQ,1,141.07000732421875,152.3084230234399,137.4499969482422,7.966552148389766,-2.56610915717666,10.532661305566426,62.56906239999999,2.718238,-15.354611649818766,138.07860076904294,-2.120512086102532,26.75361345995667,3.759982842657904,-8.75,False
157,SQ,2,144.2100067138672,152.42198203613574,137.4499969482422,5.694455960023817,-4.687614902506596,10.382070862530412,63.961751551999996,2.718238,-9.620199974677067,137.3560006713867,-4.752795037365045,27.78439821647975,3.7392221557031737,-8.75,False
158,SQ,3,139.11000061035156,151.75398559986485,137.4499969482422,9.089199147464033,-1.1933028932686596,10.282502040732693,61.699735552,2.718238,-10.78688697202904,136.54540054321288,-1.84357706554984,27.245818798460874,3.649580114316292,-8.73,False
159,SQ,4,146.38999938964844,156.42248988355092,137.4499969482422,6.853262200786584,-6.1069762133207695,12.960238414107353,64.928649216,2.718238,-5.925069844186987,135.84920059204106,-7.2004910455329725,,3.6023332712376988,-8.71,False
160,TSLA,0,371.75,430.2736692993405,372.7200012207031,15.742748970905312,0.2609283714063551,15.481820599498958,347.280572416,1.6382379999999999,-16.686410512830662,339.00475708007815,-9.04572977844051,74.04711217664035,6.505041577834579,-10.61,Correct
161,TSLA,1,371.3399963378906,426.0323353402304,372.7200012207031,14.728372796280745,0.37162839888564075,14.356744397395104,346.01795584,1.6382379999999999,-21.83138493212127,336.028876953125,-9.509107484515411,74.44421327792865,6.553686124454639,-10.6,Correct
162,TSLA,2,366.2799987792969,437.11312438556365,372.7200012207031,19.33851857658968,1.7582184293078729,17.580300147281807,341.303001088,1.6382379999999999,-26.497031346167393,332.9213171386719,-9.107426491154204,73.01499386444382,6.453856693803681,-10.63,Correct
163,TSLA,3,330.2099914550781,495.55374020912467,372.7200012207031,50.07230339259433,12.873629164975789,37.19867422761854,307.692634112,1.6382379999999999,-25.406614954716535,329.6331170654297,-0.17469925337704448,64.59672544915043,5.1164440414579975,-10.58,Correct
164,TSLA,4,418.3200073242188,517.7500951257482,372.7200012207031,23.768905636986695,-10.900747108701738,34.66965274568843,389.79436544,1.638238,-6.572862685824957,326.8678771972656,-21.861763369131236,,5.115648426365048,-10.06,False
165,TWTR,0,38.93999862670898,41.08262267075492,38.93000030517578,5.502373188519625,-0.02567622466822113,5.528049413187846,30.784526336,0.873467,-10.831233662839796,37.597399940490725,-3.4478652633987763,8.875957609030316,2.476549422473988,-7.22,False
166,TWTR,1,38.95000076293945,40.97311608448923,38.93000030517578,5.194134228296983,-0.051349056153811724,5.245483284450795,30.807463935999998,0.873467,-5.346295701971943,37.43479995727539,-3.8901175249931295,9.328730037253742,2.4593184057504995,-7.21,False
167,TWTR,2,39.560001373291016,41.613049187617996,38.93000030517578,5.1897061250182315,-1.5925203393460459,6.782226464364277,31.289944064,0.873467,-2.513554489253609,37.25159996032715,-5.8351904267687615,9.876636409700827,2.4273580879782277,-7.22,False
168,TWTR,3,38.18999862670898,42.50638302774349,38.93000030517578,11.302394753205771,1.9376844856686333,9.364710267537138,30.20634112,0.873467,-7.01242047605416,37.05019992828369,-2.9845476287295623,8.443179858410826,2.6209060089505294,-7.21,Correct
169,TWTR,4,39.86999893188477,41.635372261889906,38.93000030517578,4.427823870828678,-2.3576590215487996,6.785482892377477,31.53513472,0.873467,-1.2874485407814658,36.86739994049072,-7.530973342948378,,2.5366657850551317,-7.17,False
170,UAL,0,36.07500076293945,37.4953196764246,36.06999969482422,3.937127882043646,-0.013862974385220442,3.9509908564288665,0.0,0.0,-2.22282382323464,34.38560001373291,-4.669807860666563,-8.964273222360864,4.1182743591653965,-13.87,False
171,UAL,1,36.45000076293945,37.334810020729506,36.06999969482422,2.4274601900411565,-1.0425269140230047,3.4699871040641614,0.0,0.0,1.2218896470848708,34.35320003509521,-5.752539599330167,-8.905966174583721,4.123807922028485,-13.87,False
172,UAL,2,36.02999877929688,37.49430475832168,36.06999969482422,4.06412997123442,0.11102114039016145,3.953108830844259,0.0,0.0,0.08332994249131945,34.31640003204345,-4.7560333203177025,-8.952559871050369,4.202930762385288,-13.91,Correct
173,UAL,3,37.27999877929688,37.19960816374082,36.06999969482422,-0.21564007024782078,-3.2457058049707492,3.0300657347229283,0.0,0.0,-0.160689269003276,34.30120006561279,-7.990340158858415,-8.793438216881182,4.262030776157879,-13.85,Correct
174,UAL,4,38.209999084472656,37.19153159192426,36.06999969482422,-2.665447571188949,-5.600626644657697,2.935179073468748,I E,I E,5.494196015189699,34.21340007781983,-10.459563209664985,,4.301741691511799,-13.84,Correct
175,UBER,0,36.915000915527344,34.362988156335405,36.97999954223633,-6.91321331680775,0.17607645969648175,-7.0892897765042315,66.692231168,,7.593833841904157,32.3035998916626,-12.645753673502961,7.693813122607257,2.7508014042559914,-9.57,False
176,UBER,1,35.97999954223633,33.87333879508777,36.97999954223633,-5.855088310036206,2.7793218808302553,-8.634410190866461,64.8712192,,4.897960182344758,32.172599906921384,-10.581989115495958,7.772800893283192,2.8001247849366,-9.57,False
177,UBER,2,35.009998321533196,33.665800895176176,36.97999954223633,-3.8394672687837867,5.626967481147996,-9.466434749931782,63.122325503999996,,4.103470739185766,32.07459991455078,-8.384457434198103,7.000212648194562,2.7897869737356062,-9.6,False
178,UBER,3,34.31999969482422,33.04643584518139,36.97999954223633,-3.7108504107442988,7.7505823748980465,-11.461432785642344,61.878271999999996,,1.5384629275183803,31.96699993133545,-6.856059977889867,5.760750736559073,2.8018180240287194,-9.6,False
179,UBER,4,33.240001678466804,32.651276376559636,36.97999954223633,-1.7711349945224275,11.251497216958118,-13.022632211480545,59.931058176,,1.3414708891489653,31.872799949645994,-4.113121720166728,,2.800524746712865,-9.62,False
180,V,0,200.42999267578125,204.01273607012848,200.67999267578125,1.7875285761960464,0.12473183113088468,1.6627967450651617,440.383340544,0.89855,-7.317071623480069,199.61560028076173,-0.5105657456155094,4.039892391381539,1.395493247014747,-5.57,Correct
181,V,1,201.5399932861328,207.5866968563039,200.67999267578125,3.0002499611014555,-0.4267146169497942,3.4269645780512494,442.468990976,0.89855,-5.535510887987832,199.47840026855468,-1.0229200586760083,4.2192999701388185,1.3872250050839108,-5.56,False
182,V,2,204.05999755859372,204.5885701060088,200.67999267578125,0.2590280083009933,-1.6563779884599568,1.91540599676095,448.001507328,0.89855,-3.7407461338199863,199.3110003662109,-2.3272553411744386,4.7031928130251055,1.3699839426328588,-5.57,False
183,V,3,200.1199951171875,205.46363196519604,200.67999267578125,2.6702163593794728,0.2798308875961261,2.390385471783347,439.351476224,0.89855,-7.2273010576460495,199.05740051269527,-0.5309787279726523,3.9465857233908985,1.3780780613082195,-5.56,Correct
184,V,4,204.66000366210938,207.41131310908676,200.67999267578125,1.3443317686633869,-1.9446940853666081,3.289025854029995,449.318780928,0.89855,-3.0185258750105386,198.8404006958008,-2.8435467908603536,,1.3514270584856265,-5.54,False
185,WMT,0,136.41499328613278,144.88259700610743,136.6999969482422,6.207238307165917,0.20892400112618364,5.998314306039734,387.34528512,0.287068,-7.441759736880933,132.68480087280273,-2.9301349748094423,6.966652654908434,1.8462889155537332,-4.16,Correct
186,WMT,1,136.80999755859378,144.82807238746759,136.6999969482422,5.860737498690313,-0.08040392684348907,5.941141425533802,387.685318656,0.287068,-7.304017241532607,132.34480087280272,-3.2637941418562257,6.204439776428765,1.811207040957588,-4.17,False
187,WMT,2,139.88999938964844,144.20317344267025,136.6999969482422,3.083261185102969,-2.2803648976513635,5.363626082754333,396.413272064,0.287068,0.7490048544596213,132.0042008972168,-5.637142416783202,7.402821229125338,1.8087973513293452,-4.16,False
188,WMT,3,138.44999694824222,144.77603099052098,136.6999969482422,4.569183229844109,-1.263994249602074,5.833177479446183,392.33267302400003,0.287068,-1.3186073152351556,131.5876008605957,-4.956588110443882,7.548262899780017,1.7521149756533119,-4.15,False
189,WMT,4,142.8300018310547,144.61961984838078,136.6999969482422,1.2529706604939534,-4.291818808532486,5.54478946902644,404.744536064,0.287068,4.537800429385861,131.18500091552735,-8.153049615795377,,1.742330951788676,-4.12,False
190,XOM,0,36.849998474121094,39.92876796810117,36.900001525878906,8.35487007181893,0.13569349749886284,8.219176574320066,0.0,0.0,-5.868842351765328,42.15220001220703,14.264572267884615,-14.402876754792302,1.9998120551700624,-6.76,Correct
191,XOM,1,37.0,40.3684168410954,36.900001525878906,9.103829300257846,-0.2702661462732263,9.374095446531072,0.0,0.0,-6.162820913944571,42.28860000610352,14.2935135300095,-14.185303371521385,1.9830710195626575,-6.76,False
192,XOM,2,37.95000076293945,40.580175665770774,36.900001525878906,6.93063201569116,-2.7667963529685533,9.697428368659713,0.0,0.0,-4.9824685332832335,42.44300003051758,11.839260019108677,-13.744119679640024,2.0008694408281,-6.75,False
193,XOM,3,38.18000030517578,41.05120221704954,36.900001525878906,7.520172574447397,-3.352537373142334,10.87270994758973,0.0,0.0,-6.168587874774801,42.57040000915527,11.49921338105468,-13.888092091841884,2.0330275176750967,-6.74,False
194,XOM,4,39.08000183105469,41.481190061043854,36.900001525878906,6.14428893931391,-5.578301440721677,11.722590380035587,I E,I E,-1.6607947144847046,42.67919998168945,9.209820834180928,,2.048595941726623,-6.73,False
195,ZM,0,382.010009765625,387.24312566769714,383.0,1.3698897328064314,0.2591529564846716,1.11073677632176,108.884885504,,-9.575974547261826,285.73419891357423,-25.395770518649027,83.0384295815709,5.828215208315671,-9.8,Correct
196,ZM,1,384.4800109863281,388.80971148680356,383.0,1.1261184916657219,-0.38493834374675806,1.51105683541248,109.3541888,,-15.99554088237934,283.25679901123044,-26.32730157165365,86.82172611220257,5.823967701089599,-9.79,False
197,ZM,2,389.6499938964844,380.7111244325908,383.0,-2.2940766338798686,-1.7066582832415065,-0.5874183506383621,110.824636416,,19.85542497111344,280.63799865722655,-27.976901564694572,88.06223308963295,5.695143802047168,-9.8,Correct
198,ZM,3,350.8800048828125,371.1546437443892,383.0,5.778225769333326,9.154125248007503,-3.375899478674177,99.79763916799999,,17.24530282479573,277.81619873046867,-20.823017879501496,77.92652360054717,5.636623832274952,-9.74,Correct
199,ZM,4,369.8900146484375,371.53622476735586,383.0,0.4450539494781994,3.54429285257211,-3.0992389030939105,105.204482048,,25.522608878100982,275.93459838867193,-25.40090636106133,,5.613446479464768,-9.69,Correct
